1035203688168086460,ckoLxKa4EKf3CaPq609rpa
778763161265841481,4ASpXsoUMRlnN8OXLjOaCz
890095002328610853,5o5Riqql0wx6P00hXOHfkJ
984106517828363349,xAcOI14zMUK4HKNl6Jkf01
784448220678228461,l9UHyW3G2vEHnmmPjoBtk2
800815864899415771,saSlOlI9ByxdR5ZhKho0es
858143367356468985,P7V4PKxsi7uoi2RFa1if0a
831698976089873405,W5o2cSoMnwkqOlsxKhcu6d
878585965681562011,pEG6FBp2vrlNBQRDkAWJ0n
768365747273056340,yGpDqevNyZydy5GzE76T8s
1121065701252736567,5KNhkCs6M4D9xC0oc967hF
887892609124245416,8w6y3QaHzrZLJI16NpMyd5
886554014393250663,KgiKmZ4sSkqaztV1KGO4PR
855517047816771255,FV9DoTsKVHmErj1dHOhAC2
775789888359782610,MnVczEoK15Bf9KrY17LJWv
903303571898472063,gdHa08KuuE9mNtTMm2tWPX
931906394678748246,3gGSed8PGVv9GHhjuuYyBx
836596421863073964,CgK6aiAmhYIBsuJ6T7HFTW
805195278314519508,sPz3yxMfo6CgdNO1EzUd0L
883778082594341562,9KbF3oaH82jkgX3QQlEAe8
894552273937682724,df9tv664FVor6AUACUiQXe
880534892514982400,VmFYid82O5Nyi2LD2iWRYu
931512007012650048,9BrKVehx8oI064tkvGZE36
1014241558898418245,cEW85h5YBJHpePcUa2O8lz
830510773896272856,WP7KUV4PcLzlj4OXcKbUUa
832911648132248625,xbF1MYupx1VqOQsyNYJyHV
852445385275060830,9mi7zTKv0vYzDsdWGWdtVL
900479694578549256,fPGthkOKnazF5kWDqrCICV
912837788133317724,DTglplsDc8kLSmgffwFtN8
839558611085349133,uQ0MBBDwdcH3TREjCWIgO5
807688557354960949,XwnbmWCi33Z9EPBXSAytww
848318135747364351,hOqlOFcI48I3Zuaklnv1Hd
786708730400780813,wpVVq6DUMjPAKdAGSGlDrH
876011931103651101,u03sS9zjEy2fGzqq28qQvq
829741575478342595,bYiTaDD22ycdvl9yYx6XPX
893381127703378146,4Axae3XZiIBF10jVA9qGFe
1000311109311441524,CXN1e1oizvisXAzG21WBZy
834587122842084475,gsYcTPuh5ryv6sX9fvmSfN
1020079203222518115,EWrMbYFwFZXWHh5R1TgjCA
903830135544202908,2Zjrvr45z8ftyaaYNBdN5s
867135839870202854,V7m1p7UnH0y9MqlaIRm283
1155152691809198766,StctNNC1KB0HCxTmPOolub
1030350068466019692,atax56I1esUHBmtD7pr4rL
768726574016795759,SKC4P48Fo4elFBapXA72L0
787036571667088922,ZZVOPBHpHWz87fkiVmHYvp
916836509871353159,F4vmfmGwwmVML60YtNLlgy
857042825430121164,3SaS3SmpDE3dXRtyyY4alJ
1114001199549197320,tEQA9Fm7DJzGxq6NXHwOZ4
832800692655327277,aDTGya5DDciTgKwEgroSqH
768809027799962739,YEzeVC43cebYM9jkuceNFy
812094552036190486,bJ3mik8KM1HTbAd6OOpMxQ
823180444425004744,G0lppL13YNGHpwl88gaejz
833515051385038928,wupsieWyMh1kQY1cmpYQYv
913339145625776252,6G5RUzRYlxzOwN8vaK0JzH
836835755999342788,4o0ezbGUHxSSKuzsVc2OjC
1100581138025393004,2W3cMm8VnjJyqcMjKZDFec
897139539460204942,r3HxyJznYoKkKOyb01m6SV
860753592237372239,r2UGCqBa58YjjM12h6xxdH
809865700885504168,CFAuKI3b7MBTtDGzqIhrGh
902916014302207596,VUlYqERYB5tXf0NX8FhDPl
768076317731510334,UzrSXbAwGkRd8m9ZJUrFYp
946809607056414616,74b4NE65QFPvn0vC4X4s5r
777205710295345433,pSQ5GO7uXsfDi0zo8QJmB5
849342658995967505,YpIRGCWVx65roaNTsgczCF
878318142103232907,s3h3AuYnKA0fy9pS0fG9DH
1019677205098431673,x8S2Mcshcix0C0eQyUxaG2
789166775630186057,WtUdxBTsnr9bjGymJ9xsGV
882888114457713282,d6uX8MWx56t7jkXBwAjS91
917777039353073016,nVtI9sMJi7FN0L6GXNHSma
776004440443044051,BYY318NkSGLB8UU8KpGyDE
937774188065101204,LrltEyUewsbb9R6IbHh6nC
978009302809014736,bDwbn8RyM26a5uLFJz2IvZ
855530921435605688,wkDpk8aC9ighUPgdB4L2e5
1078092050664989246,eUPA7RIBhfv4x2UDEzxOGR
832634397112145954,QCfl5rvHIXpK1RM6wmdkhx
898121305391200697,kJS4pd3vopNEF3o5rFGGpD
897970978326344112,tFo7BJEAOSjqtTErl93XQQ
906159169146029844,uopSd8sw0pp9UGG8qlGytl
952131925958384905,c6WFwXssaAHf66zXzZWtak
777098881940669714,jAnxCYMDpbJDEoldxVe19f
843916328104333682,ZFmOBcFazrdEnwsLLqybiq
886999666531731323,4KNGGL2QzBZuwS58mmlycK
1079620626888497486,aCzvvfMknUjPin4pboF8wx
1088059168988686975,AIpgpEOrTcxn3ZxK7lHgds
971408767069651759,RYpWru1SWgfqdj3clwdhUI
918189250907220365,zKV6J3QQ9jlvgI62YP1Htw
806626024182535168,jumeFhigKEukIztzxH7ROc
900420181088314885,jJBUQhUiG3uFPeqkqtz77n
831970552583056395,Y7tBVDhku5cBi9x2pLtxMO
892528949344124083,ZglrxkgEUSzjbBT7Bl60cx
827876058453173134,KljLJbR2FoiA8706OcW5vd
838085275736757482,H0N3DJftVNRF6PEP8N3eke
831889015869671429,LviGOomzKcnHVzHgFoUHAs
905730286078574330,hj1YN0ytKlUOeYGfNEedz0
857332868558500566,LokFTT6RkMLSD7rUuUBGtt
1138254942249677742,8xV4wkmqSKYmRPrXlvuAb9
1150897317533332617,TgPOn49ih2Eh6W0Z26Rmdn
852455074698003039,z7ulnDlkoZGn2YsiZYHDTF
836828295772957889,KQJKh3yfstTO3xdUCXkzx8
812721945562507554,VM2xr02pyw1GOUVxF5x1jJ
1122167340874425914,R0bO3J2c3dbuy71nZLBnOR
1018477313212753754,UXrLMdft2ZRkolnjLhD6dw
898186441853776318,IlgBXPlDzMSuNArHkzPXyN
836606323472757934,RHSxngXJli3LVERle5YC9d
817668228861623746,Pq8L5wQiTTYn8uImRB2Cas
928108847914589057,23DZmKlGkXFtBH5KWKsN3L
1026096682803605870,3YYF4pzN8ClmJkdUirZsE9
1053279236128724321,FnZaDvmQ4wxiBvSXvXj2Y7
876022745968684318,5P6BJ5FkpqVAyvTvR1KNXX
866420896007969754,MbendbloOhrD9Q5GXIkKaj
805089637593404349,RThekfzYzqQ69otif7bQF1
881125066139457061,iGUzQG6j6Ck6BoGYwImFxn
839420676062339332,KoMpKqaAQXW9tINkC4VmbV
819944587060250168,Iw6kcCqDo8FPnFNXqj1kAS
896650770708888947,VoU37ppz5YW5Ww68oc4dUC
854767373644076713,XofaF9iop1DwwjXmzvyETv
829177623045431222,Lb56svFfa1qa3Wcy3QPmSa
902569748938803801,TkMEcVpOeYRWS16g8KxM3U
898096768838677942,XpvHgLH3igVxaQe5edepCe
861577994110006119,Y6UAHx4q1QDpcsWTTmNsAy
880472656109554171,9IXiaKRj9SQ0Bjl0Zxlgdx
880778781155864075,7VnpzRWmkBzaIqR5anDGVd
857042449394640587,BRH8lizUyXynmx7MTqQ2bK
958423903283802665,BDZcmifOrjhy7nc037jZWm
881830156311997001,tCDB26eyatAdPqk4Q1Akjl
769694576496801916,V3KU4f79JYG1Ydt2UHT7Rz
911320742349428744,VnrbdZYhR3Tz2xxQTLKHbc
1053279585699097956,AgON4Pz7hsjde9upJsVlk3
854593583696357016,0VPjJvtNbAoJQFVVovoJbe
895245240167040318,dke39v7g5BCjugMe3bXtt2
1075811850250564922,js3lrUqBZ784jbBChIDxSP
824894885635013369,t1GUdvSBwf88L1f7Nbr85R
1067428863353945820,TgR88XXkbNblYjJeUo5NFY
882254519102673494,7kaTFaQOMk0BzPSz7imC9t
850673348101741100,FqFhPdDwlziOr3uWA4vS3Z
831100268745407469,1SJiV6GMtzRFEmcuJpc2vd
806493111803401210,Y2KU4RxfkYGaffZdsEyww2
966278011927258342,HBvTCqFGN9dihREi0ZfnNT
1172051389106515682,vHAD6xpLvZczRVnz7YIMsk
812358656900783385,dmkhkdftjA7kIV3hDJ5vDl
887772348681569186,2pmHRQSuUoVCtEHphDcxBj
900735611002360344,2USFVNRpbdWSnJA4qS1bzw
882723790480307828,IoLmuSpdoqHiyQbBOaLepQ
817436609226882468,4MKEFMG3ssCDLkGu4xeSLX
877084038660699458,Wog00RBKuwQfYq61z2iXnj
817338476584829332,Dqa4jYwRGQecpMZZICGEGx
788675347108478517,4jXKfGXGBhHP19RT6w0MAr
858999227165747995,RgFS2lulw45nGYthGKficU
892705915785587899,Tb53wW55vQzT5TdQqfUqmZ
1001534940974132136,Q5V1pt0EnswXZRZsFq067u
899020453189667298,YWUCOtknljjW6aap5W6xWT
1042482994486402696,oNjgaYr0TBnHgAaQsKe0YJ
967227093809940846,7LkCjcTPatNBOSB86BFeEg
942053544758339202,wDzr2tiBSZK3WYiAMLXAom
1053233047330321743,wj29bTVnnbFJZDtCZcCpf1
958383439532195363,3TfX4oziKigcwXxeSEJUVn
968803933274255367,VbHCblRxzUvy7Z5UtCq3UX
810922307190314237,CXbYSiYIbbLqZxSDMHRYwJ
888102678933348280,Jpz8PaungOF2GcjpeGbm49
882742539563822709,4e8Li6Ql3lPZ0GphppDnvq
880199211770085867,Iqn0woncapfEYNXiKhBNwS
838453868694197493,SSH7Bf7VoSb95tMguy9Bz8
843116609365901671,TYyL3sg0GfuMIgibrvfAwz
882645007956337261,m7MFG9v7XiIpGoSM1AaxTG
1088571331676113926,xS8NGYcAcL2ybhlpHqbFIt
883657911603554993,zaXbeqUeCahbb30fGD03Yi
877385370292468056,eqHUhtBmGe9hk47kLUIVqo
846307625062988231,loAzKMZtNMj1kOttdTLbtg
904065746347450024,BPJFzMj2lV7unjuCJUELN0
781156790581391771,B0WZZ0EFNheqaYuHG1L258
882171933811828307,HQAKWWdGQSrBBuWxbZDH4S
1100582092812434286,7DOgx4eQcR3DuOuzi8uUDp
882513090157409891,H8NHGSyhDPsw7bfZPJWnnq
1004483087584434909,s8d0wa7KRPlWECd3u2ZEpP
1086429203719245009,khm2WgJ81C3qyb9tsCRQYs
946157263507080040,fj99EN0aF8i0U2wFKYfNW8
1177180791780461401,b0PLpqCeLOfxJjPJsqduZR
809752704119681183,IAQ0Z3MFzLuGE1e8d43AYY
1047600760128127424,ogo5ioany2bhgCrNbHJ4Am
844269232355884415,biOczmdT97goKZ7ZSKdfXG
890918667894765661,8uUzmrf2k2MAc3tsGpUgDr
817340948054026648,EvQ0MisrJGzX3S4EszEocn
1158092200529332436,kXvxbXmGjcWGakklqrvmMM
922738986195002030,zjvMKtqpymJDJabA8AvNFf
891218395377608809,4cavXyGYIxP6OZ6S67fS56
828671424087108521,e6u5u2vwblu0dXzQRw7HNT
929729132405358534,apPyeZ3GMbMWJUmMVIms2P
898915835928051166,EIcoaL8nYRgr1HRCqKnvDb
852415980924442204,clszWKorH4Ur1fbTnlKLuC
855188719022244530,SrkXJlmYRYJcKXXw7oxlwf
1100826294536456295,ec9jXDIb7nf33QxIvFY77M
817431159601502624,6qZtPzYC6DgDFrZg5KUIIV
905201170279837394,PYzxtJMe6k0jn89PSOjbr0
1113950611695632368,M9dkodXOy6tHa8jBdx73Wd
900372729535365633,OyOoI9uYBJiozHMJdeVYn1
842773796460998995,OAS2Zua0grXWwuQhAScpqp
852038744760148547,A9xoXdprkCzCWMc8iCbA6q
1000026521402926606,WfBjPtVoI19r8MKK3jcFHC
862805330899066752,rUC9SOST5lAX3ESVhXNIa5
781433958384474541,dbim1MrpuuSOkDM5UlGja6
945702178038082375,mcZ9hRrQyUOKXPTiRPHwhl
786632241522687494,NlLd5LS7QB73RgnMLrKcIw
1019975825043623218,HboenWaMRYOMernSVZGhVG
1097852172973732930,v45RvuUNblo7ByG4qQnGLk
874574625832268971,degAHTfJTVD6fLPA2Dj7x4
1097525503669326714,EI2fgfMTY3Q4F1TM6L5vs4
842887089327079770,mIplgP5r2tvawqRCdJZSsn
767122733527420957,Cpe2YZn1ZRsdOMuEioEggk
811614405260558604,I5xw160I32NaC89LrJNXgD
1044316192441037087,ibwiFaLBeos8MpeZY2i36Y
1033456279024883078,5wQqE67Z6mySR8Sj0y4jj2
895264632479192383,okWLt6t7VV3BAZ6pG9DWiK
873125264217713781,p5zDC45PQWTRKjyTx6n5fk
875222888436956377,RAPGPRJlLjc1NokhK4Tr2b
978327205339919882,q4S6zAsI19gLnYSJcS44Xe
902794068051207777,MbQKKxwYJwqAFsyGWCHWH1
1014161990176840236,PvS7lz78XidXfEwk6Rkv9m
1002945721703152933,CvaBXH56mOiXfaxbbbYQpD
833460671465187406,OI0FkEoB4ZJHiyI4nYBFgq
808390884404076611,DndDUZOZfMcdGGy5Kbjiz5
775789656970237137,SwVYN6fxKcLjxIhr1kh3a8
986513506555744040,7vde88BhFCdsDh0ggntTGv
778183854187577654,fnnQugBGdmupbdxKh7R0vQ
1102912263666619803,IGOZB46emImXx46Ez426Wi
1115280671580274545,RDiZNAz9ArtJnxsvWczTSo
1171644115304961408,URTc4b2Prhib2Jaklk6aCh
769801235736984714,7BtnV2nShITFsa9L0B3sqt
892381006526736549,trAPlu4Q81EVHlvM5KXyNE
1097964499926853798,gYtiWjyBFbthSm1SqjWdYY
834992475498681487,rALwDEum5CwGSIP6DAn7jh
1023171235158207826,lXEUQw11ON2FxqGdfKVbP1
1101637212272928503,ppnci8BnGZ4Ehkr3S2U8V8
878537785007299985,0Zpa6ft9fm8DREBy3ZadKx
898878860268033500,1dOeQ9pV6gXVOq59vrOG8t
1051984823754653573,1vwne05Jq3dQZ2ATLRDp8g
837799145528214755,kTkvBL5GMfpbWsJf6gbklE
919332717651546617,xbq9sOGoIJTRc9y10dM953
868338208253640717,kUWvNY8YvUni0RJJ9adBIT
1143911270904274171,FlFtBGOpU40OYGXDyUqODU
992690888596516381,sgS6Jv2QNnjWa1CwUSWsgC
940242815162888749,9X6tiycAkjEdWaoAGgFPvr
905936953158689549,Vz0vXYibnrRac0Bef9NrNv
874787213745203387,TpRlZ4UaiWKXox576ar9nP
1166831539721848736,oICa0zvCiiKV14vNsuQ8yX
995152741314467050,pSckeu6NeCQCu40oOeFUfm
810284256749592805,DMkM4gjqoXisZUlUmG1pql
1138260689105864626,oC4zIrn9bYjBBLjFpC84ZK
882879599442878081,I1EhFCALkcgz7WQfSFq1pi
1096479573566406973,qte5YcXiz3yK1xggsamWCO
813403365694699823,FvPxBs8cHMTY7vYnf4537o
1065157704393387989,EI6osvuB2E8fo2o243rFDp
935265705053839591,Rzrv8vtZcML1xjeJH7EDZI
970629017420011092,9f1hpPDIugjUp3vLnUbaSu
822141660209426062,umfbh10MPuTlBLZPbYvvTz
768673354734944365,UZ4IyeRFAlY9fVJyMxCCpO
1163846217073025702,Aa6ilH05jubsQh9I8wjDaG
944228750903853832,mBXI1nGouMuO5qRPtf9xGP
965988016183338907,6yGJTWFeJAMMB6BtfoUTuc
1104053093897243764,PiT4W0qgSqVUJjqzqG3WcW
1032437458196023258,XsnPkWa6gy5ew1zXUjxAXE
960058803048298115,wNHuJWx42yCHzGxhIi2p2x
892082253988419733,UlinZl0MLbrUXHmu1XwGfN
1039326385370619352,7QpbswuIgtdnCEYTSC9sVV
905721148293392121,vGphEGKX8FSIdC89ECbWmG
1105932822114089951,gsTtIBQXlHSEKRExHySH5l
887986216987316139,0A0JS9O0PwIodaOHjbYemW
887494669866149778,2fwUY7EyWzAdq8rzkGqeVZ
809920999413919915,wD4jqvY1vKFfFlzV8cMxUo
881110854204887588,DRMdxONhsVblI3ufMaSkgY
1105403402122144106,jiJJhxjRJb9aNIrYVQ9Thz
894542039433511203,SrrLqZcJ5oYEI2ESoIv9xD
922533165060687529,grWxl4b163LUkrOeJEUnwG
865151903316043704,TNgTXt4tdA1FvgrbsgpOGn
961940615273396965,0J64kSmjGMPMDcnZ6BGwDC
836684832468665524,yqm9hUOi1GEHyVO8sOnppo
1102912516166573468,j2hrOVnt9q1u35e0PvqLeG
778186778331075896,ALYG6cxfE4D9IcxreKGIyY
993815996197970732,0DuhKut432USwfWg4vcQ1g
898175075762989501,xM4nqPWWeBqiZGL2u9JGTo
955866301003783604,ymnNwGkcCiz05Ou0y4Cli4
845269599106362800,QyiKBbWTvgbTeXkXRNxKRm
829375674987486138,NS7tUkB6ssWnU5tRlyGFSn
804999237128200119,VK3SZ1lBulYQyvG0By23od
863488139273720724,KV0LDT7QkcPGk7P518aRHA
966692301708767071,baNU9Db619PbawC4GS0QIZ
895239514338276669,s9xUymjyoRZSuCdrCdt0az
1084977044712771004,u8nGhhuSvKBEEytTrUi08b
859195262232492832,I5dWdXdYJ7Lb1BpiP203vN
866102923998118869,EgTwGnTPOgXNePEB5Or6u2
893498913793103081,6JPSA9mlN0DQbSQihjKvpB
1127296372279885969,WLHHATH2hmfaTCDQkzFuBh
834093248798603357,RtctMx50tqqRtulkUA4Izo
861431915094095716,dCAzoDsPyJsifa9c0dzVdG
1047661012516125152,xnXP0OVige6NMu3Ek1quLU
1088418504991825797,TsaZztyPugK43wqAt7Uv6T
894161188460766486,YoJghLHdMW075kmAWKuOHf
886087855761569589,dhXF3iyIjobzos7g1GBqQx
916292964643369242,D0TMCpmfSZ0hYgNjEIKPdw
874529813912759463,cjr7PukEwiFT6lL52nJgaX
1009728454881721702,G1zY5L8GQ7iNawMCJADiNY
831737395628127231,lctvM3RnSaOqu1p73F2cqu
920872865466941004,xdpFrnLs4KzuTHY8cc5YNl
849268156422413838,XMygnNaTw2ns5kDZhycGHX
1015485067395949509,Lu6zUZqgLrRMHcaUHm9wMj
1100598249032295292,xoilq7LH67RbCLxCcBvzKD
904740192549800638,89tQM0pentEwYUefo5Ls3M
876845150696327488,TQU52Y24vwlDH2JYyYefOM
874666139737585846,NhswUrM2DyDWaBftFgqfjl
892341847258436769,HtFqVAzE4j1w3GKOeTiIci
1021254029764378306,xM7OVqufBzMKI4EmoU3Kdm
1200835310657744518,oDvomgQM3YSVRnEFoqGhcr
836278983960849574,QAYGxneUleWSGkba9iJb9r
1111360433678236702,xbir9W0jhmpt4YwmCHSFbl
817341373236006297,6ec7xkYD0tCsOdA3ErVwqB
877919752473077115,VnCm49DyCpm0IhypPbCvBJ
877861267642234232,E33B8Y9flG2LU6MGSwo9rV
806291777034672116,ScBwajsXFN8N6DdrFALPek
900960330469075490,BxBLY9bAoIeF8UZuqgOIdO
885716846179508986,agWtxxeMQCtnLJs3i4wDEe
847347447642725855,0OWIEbcPe1IMj0AsRN5gMa
809487915193584778,F8KXqLqZaIjylB1teNHbr1
1157627617750188900,AVVUKdrZHYYWPcsaPVw7jy
851224495758664248,7NIWwwmhsySH9lMaAifKdU
874576344344319149,oSBVzWz6NETAZ4DaitNd87
834186321815604328,V45KDQZbUR7YULWbxQGtw9
1199696340012094923,YV86vYeucihBIKyiWHjnp1
827241527209963356,wJWlUH5EevlAiV1eORKgjo
885503108183774962,ugRaRhHoqsBSNU6QRHQIzC
817339893433433494,apsab7xF4J1Pe4NP8x1dCS
803397321136884492,EM0fyTneh9Jsl1chZVY0s0
814575098768004426,A9r9aArdvHZYW3HONqQHt4
817913152610525667,d08rShrEJHo8l3zTC5gqIq
811693274772198671,Y33c2MRcR9fU34J4RkQWhW
1052969810253082878,YthB6djM6f2fZqRyUUxdYb
847908728053432821,lkVxzaUjxAwYkyIa5kxgT1
1034539431656086181,1R594ruhFjO0dBi8VuPXx7
817335888726075795,ofL6TY6a2uP0mNut7XBJrL
1055151140671808467,3cjeMVee2vobcD2lzWBsOV
888994900767627278,Xle8qBvjCnIn9gDXz72z87
1104021135241005147,IbHbUJq0UUehsuyIsYraac
972532651746514064,8pIwxg42sMTwljO7svCWRC
1093812820191805963,3Ksn2Rtta7GpwqzVCLszUj
939653933338991115,UDfgczpIMxlon6RgtfwiFN
808081428970010684,OByLgbmXmxyJFaxCeuljoD
1058935264266302409,LtpjFX8oYRiN9Rw8jK3RXb
1159947337437047524,CTF4CSOAj2za43LXoTZ2TE
893615158290526454,B3PVONXpHdZ6BjAp30hBFP
888434984545339356,htRmx5NrdtkI0q1z1kzam8
842774413870475604,iIBwzSsOL1FwDP5RccEKjM
1009807319507822993,h1w2QLBPHiXJkJha7QpH9y
858286381077781245,02wSrlU6Lu1bnYonPcZU5I
1014321330327754335,W10IGY625ngG24117Ts69s
913476185572417682,0h75xMpkLlZQ5li3SOsP58
1130137875610719215,HHyIp2suEtVSzFgCtgnvgL
898927262963250655,xhCAwKpXmis1YulvifhUde
1087586245868299560,BYQS7iHGJsWVZ9BQFyEl1k
1081592318765093405,V85XEZdNzPm5NzzOKc3eTU
1005023318907813812,2dXuoj5dLGsDZTmiY2ktbP
1048327171347943164,dqWF4BqnT6FQIBkKwxT3K2
1060560897585661328,yD56h8kYj98YBTIEFvhNjE
883275525258260118,a76NjbIAn2z9aH61jcMW3t
1106923560008546853,zzXpctKYcmekLkXptPplYB
998617366015604829,Eba57p93TUNshtudPCztjW
1016854500411662619,8iEHaN4WgBSG5SOyKFT8Er
1138258900298544048,UUIlJvJ1SsrOw8GsALk1Kp
1083076893071963439,17ia06Y8CMylEhoaPJamJv
852539816376323688,cuA5bqqq2S82uXx6I9dvGw
1075951506305516943,hMZFFKkJH16Fl5868V128g
862720187637258109,i5Dl4KXIYSV6IoHSrAuOxt
1091566905028283404,ItEYXNQdAqM3GuBsslJHJg
819613264492002858,CgAXdXaouiJEjlUkCfaitP
1018032626073205456,1X1NcwKsuytd33dPiwAxl5
1073921725197233598,gBzYenj8KN61DgeQknvnnV
905067239318782670,dfCtEiw5uAT4Lhdj28zXc3
1197134505417110601,kCSIbCmx7bbTY5MFpso301
1072107214804931052,p8ChSuTDVp6gxpWjZKeVXK
881219901888371244,7wHGKXAF4Fwu99U6uqnw5R
871140031794569297,BDBKaxKBNtVWkVDrsJGqy0
870250816239160373,0osgASo39IRKUTBnwzsNeC
778185715973769527,fpCzcVpnO3zg61zzSOGVCL
886620275115089774,HhDMmQ2eJUO9HCvSf7kFCL
917769067765992823,Cy9dY3bi1s4pSN7k8Lmvek
914082414802471082,6gHczDOYTNDMOSLlq2oLMv
976541707845800013,T6UxTYCXrr7EA1P4No0BSN
890047310281841698,bIoj04XFrh8gpuEWE83uMU
939256724867961335,rpKMU4I68PECSzA7qytVMm
874561187582459048,mVngYZoMO16TTPLjkzFpGU
842772861518754130,7FiBUslTt3NP8E612Lm2d1
1136725187967938411,V01Wo3t5AO2zWQ3g4Tttuq
973638860086718856,gnR8QRJIzZ6D0Qfz35oDH7
842336652044670280,icGmClDmUD3dMXGRy28bSy
1116248614926294639,EM7wPVOqrT7ixSoOwFl5U3
878586874888565148,oYSyw2ImRqEmNeVPP4F1ZR
1008771490694920129,dDCIUbSYePlCUqUuY3sQLR
967057499645382730,D3UrHyYF1eUc19RT7EZqn1
1063138616574654762,iZWVr7vEaQhS0hQyQrJZmJ
994237671938398148,DOeQRlTTvy6X2XUxHuLwvg
892138762808545435,YgSd3tg0nTVSCvupVW6G9B
902976993830991470,ovvs9vyzvQKR5kEUZBgKku
1092790105651695315,Qgtwg2HkO952JfqxF4JXTo
847406312498234850,N1pSRozjO7yZVd97hmrDYM
988224044020078891,MulzcHZH22xjqO5IPs0avu
859565503444373288,0qgq6FilVgYNHq062r13C3
876382000408294703,pqNXf1aIbyfrUe6VQ8GQwx
1118825486499925787,6E1uxPiraJ3FUR29USLHdU
989274600796773962,EgvPhrYDk7bwSIO2yOVQBl
890579900387574862,NiFIkTToVkIq50l7SvZp35
830375663401202646,04QZf6IDyp9i55ivYUYeEn
907279931968068425,74OfKt3bZ5Rki3lDBMkEge
941725495131361898,N9gc4KrkEzvYiqdFixWtu1
1110934196623232680,t4xfdD3GYsiuKjZnU4iGuW
776921648331857127,r9NwtkUFs9FXaDYlGjPrSk
892358789568947362,AgiV13dqYdjdYpNkbrfOqv
1112679042006759352,gjzt84HXKvJA8dyUEQHfIU
809463413288817796,1aV2OzSBbq2VXRJGGZ71g2
905441140111774432,Vml3Lo7ifLjfZUcIDl4pU9
1067847732339602315,OS5znuyhwzxqrx399JrRcs
898528719048161740,N8kynZFFwCCLQgnYIy9H1T
903307669151310465,g03apCfCX0fXYc1CbdXSwR
826849235179549507,CpWLKVG2sHphrCcbiDxt9j
1083690213687886523,720dJfefPUCgFFlwgq6Ux5
1005135793349025774,BwqXLEAVEEVZxubyaE10dO
1143371554048553733,6za6Jo0Nbe9GVJqqpO1vQb
780094258353892732,i3I8PzUA3rTjYkPkC4jqc5
1029506782158027808,SatuFZFYh1bBERgK4dBO0e
947209230363983796,O25r24dCAryGSlrAWKZx5c
1085314043989087951,RBa1lG7ZSAuSOvt1sJbsnJ
855424928781780662,6QTPThEYIlsFvotD5Gs7BX
874592104192380079,uHZgcXojUwyKmo7Ba2te02
853774806786762374,8DFXFrzmCXt0V1O0DQs29A
1000111280166733364,NihQcm6ks13FvjiMjSexpm
949319444934680661,J9f3Yva71FuzjeTWvxyhSH
976668012616887402,jiloeFIDPkbNzFyMatmnOT
1019353050314527791,CXKXI3aAIxDsrSAXarhYwe
1175116565554028977,aXBka6rNUwKF3ftSYfqTex
808971575438370898,Uoor7SomPredVjthTq3SkS
973635124805094790,weKFuj7HUhh4Ix5rar939B
875021148028188871,G2MWyEV1m4M7iR97Y36LFR
1053577909463000505,BpQsi0ZxLb3dQzY8lIG88u
1008701312536636327,ZRst0pTCrE57qXGncj5KeU
990218169140929445,aNlkW9EUB5IzmSvHtGRwvi
1061557188660055783,AOUPb1iiHmAJeIeIUhSqLT
903688267675153044,Hqy5IgiGyhCJYDswRRy4mI
1071178715314305157,Q2focnBJ8P5fs56LKjHa29
934395237081404612,c3UsXorD31zxCiKFuLZljT
800751026217114330,VSBFOy2n86o0tHR8fjLbHK
837004516127885517,enKDafl8KBMAaPI609lKdh
782138403832984005,DVuTYGCnBtphgXgsbWLr7k
902864270615073384,SzMxT60IFngWq3oVtlwNXq
839065984842580221,6f0IDqxQZKP70a1gfItccx
997902971922100198,ObR0fwWEnioC7oj9qnwxgn
1024660344079637299,x50G1UN3TZjHM09KlyFskj
978689698060140147,F03DnnPXsCYJUDU2mtRVyD
871326473979106389,RHjjXoHGczPwK23jD1FW4I
888006379537629101,LCzguho0W55dc61iIAWsWd
1034713743009556188,gqr3fkTtC4vtNV0AZBVCtI
827488004796756851,eFnSSHK1xul0PXRAaNEFSj
910866337379320803,i2w1ifoMJCEIn8BnvkeilW
920627772238045750,HXIcBmxxXjXAPGoQ3NX8pI
883443459559668387,uIqsbvSUW9w0Lixk9wSIXN
1011946115965632470,ND3PfOf420e9MFzRxSwSh1
1094750948490252455,jzV9l3OjF5BHt0KVxI3MVk
891225702324436074,G8eAaL3PUIDm9Ct9DWMcfZ
874598319834758320,H38Ug6VHxVadLqOarXoNhk
880257859986350574,TpgdoAVCcZTwhXqBoiLbPX
1021406552622495462,vpoOLH7X16O4zNyWlBjhjj
1024064125911798366,s6oCZDMULX8UkcobeT2P3x
1085322940636733141,wRorrAPmUyWELrjDKgidYm
1033005417219687636,pwcMxx0RJ2OtgPF4pqWwnv
857962925289614065,J7O9BAacwiZVQ7PYOLabie
874600772514053297,0DfUqxacNO6fPEemVqXSTW
873811480190908553,OlddKHpRRtWkLxb4VVFWOt
905750421127738108,JTf7o67XwBBNDSfYTpaFrY
1080575099434324867,e544VW0Vg9KpukgEMIPwe9
912997371761492068,5JBMQBMylCu8Q0ey7DW0OT
1130727866407827705,IcJ57vPofjNUidxwcFbk99
889863427421594653,XLLgidf27jtu4jDb1Y01Ye
1154353966910875664,lVTw5WWz8Du90zfxWdGPv4
778174459524669746,CMrlgbN8LBcWOORVWmk8NB
1092291686681513371,09u1I8Gu1B7Y9azKmm36qP
947209244074915765,RBNPEnAUymfaSmN4uZx87H
839429886467621125,DD5beWI7mI5f6Qh45Ihi8y
1075445778623982695,xpvfmjRK3SghQ0AxbWfxlP
1076609425686201098,ubYWiw55EcoLVYowWcRApF
900373866162206210,5zJtD2B8pCbY3j3aILZOsx
862055198151671663,PGYxZMeVDIjFlJHqegCTs2
985048216078661055,glytpZJyW0btV29gCV576k
961059886292722360,evkZmMnYmA2xqER6veIjup
908274375445718890,IP071uv0iaNjrBmBSJtDp2
1113573231685349036,hHvJ4SVxhwS1qYfdxkNQL1
1012211988785886249,rulYE9BiYu4TdHzi0BfDsy
1064199103905392260,Pn2viLl7dn8bqJuasnkcIq
829474905036527548,wIuIt7wWWBXFmqTrw6AmIF
831257037874341872,ZtAm1yojQ4kcrz1LbLEaa6
1082369659894040447,aYpnnlJM4Sh2eGWLtjIkVD
1091038459851066006,YoTqhtTd5QddQcwm9KesF6
915415016682042596,4kL4ciMtWclvjyQjXfVhVb
880495488581892604,Ppjhj0im5v18VG1uPHuMyD
1020701317322253884,ZMwccOp710LrcZFSOQcSkc
997937112813242349,r4waajr9MSANyRw1dU2aGf